M,z,y
17.88643924,0,-0.023035757
17.59145844,0.003186147,-0.022548111
17.29638697,0.006372294,-0.022063348
17.00095463,0.00955844,-0.02158202
16.70523958,0.012744587,-0.021103822
16.40939741,0.015930734,-0.020628561
16.11325903,0.019116881,-0.020157172
15.81687339,0.022303028,-0.019688594
15.52030457,0.025489175,-0.019223287
15.22361642,0.028675321,-0.018761469
14.92666646,0.031861468,-0.018302673
14.62946132,0.035047615,-0.017847132
14.33212823,0.038233762,-0.017394813
14.03449645,0.041419909,-0.016945494
13.7370013,0.044606056,-0.016499725
13.43892772,0.047792202,-0.016057178
13.14087387,0.050978349,-0.015617836
12.84267201,0.054164496,-0.015181521
12.54425134,0.057350643,-0.014748664
12.24583954,0.06053679,-0.014319088
11.94703394,0.063722936,-0.013892496
11.64812892,0.066909083,-0.01346928
11.34909882,0.07009523,-0.013049269
11.04999945,0.073281377,-0.012632449
10.75048231,0.076467524,-0.012218983
10.45116402,0.079653671,-0.011808584
10.15153056,0.082839817,-0.011401978
9.851778926,0.086025964,-0.010998147
9.551983719,0.089212111,-0.010597362
9.252075051,0.092398258,-0.010199978
8.952001074,0.095584405,-0.00980613
8.65177387,0.098770552,-0.009415151
8.351727298,0.101956698,-0.009027523
8.051397393,0.105142845,-0.008643142
7.750975598,0.108328992,-0.008261979
7.450553794,0.111515139,-0.007884229
7.150033053,0.114701286,-0.007509443
6.849322493,0.117887432,-0.007138033
6.548642912,0.121073579,-0.006770203
6.247887096,0.124259726,-0.006405026
5.947252351,0.127445873,-0.006043393
5.646470916,0.13063202,-0.005685028
5.345713659,0.133818167,-0.005329619
5.044787224,0.137004313,-0.004977535
4.743919457,0.14019046,-0.00462889
4.44313084,0.143376607,-0.004283152
4.141936335,0.146562754,-0.00394078
3.8412369,0.149748901,-0.003601645
3.540458253,0.152935048,-0.003265679
3.23952498,0.156121194,-0.002933382
2.938657,0.159307341,-0.002603707
2.638009808,0.162493488,-0.002277299
2.337160658,0.165679635,-0.001954428
2.036435485,0.168865782,-0.00163434
1.735860093,0.172051928,-0.001317956
1.43512623,0.175238075,-0.001004686
1.134561879,0.178424222,-0.000694207
0.834116112,0.181610369,-0.000387334
0.533890838,0.184796516,-8.36E-05
0.233513378,0.187982663,0.000216867
-0.066627446,0.191168809,0.000514283
-0.366849652,0.194354956,0.000808656
-0.666962996,0.197541103,0.001099607
-0.966594472,0.20072725,0.001387532
-1.266355936,0.203913397,0.001671934
-1.565844441,0.207099544,0.001953586
-1.865253079,0.21028569,0.002231885
-2.164425168,0.213471837,0.002507069
-2.463651713,0.216657984,0.002778912
-2.762587877,0.219844131,0.003047805
-3.061155014,0.223030278,0.003313252
-3.359824715,0.226216424,0.003575804
-3.658117459,0.229402571,0.003834913
-3.956283615,0.232588718,0.004090969
-4.254140446,0.235774865,0.004344097
-4.551866754,0.238961012,0.004593794
-4.849430659,0.242147159,0.004840646
-5.146428645,0.245333305,0.005084025
-5.443321917,0.248519452,0.00532494
-5.740068685,0.251705599,0.005562111
-6.036295205,0.254891746,0.005796001
-6.332380317,0.258077893,0.006027163
-6.628031511,0.26126404,0.006255103
-6.923466044,0.264450186,0.006479476
-7.218576285,0.267636333,0.00670127
-7.513395725,0.27082248,0.00692009
-7.807712678,0.274008627,0.007135255
-8.101932671,0.277194774,0.007347716
-8.39558991,0.28038092,0.007557218
-8.688853812,0.283567067,0.007763046
-8.981851459,0.286753214,0.007966447
-9.274378029,0.289939361,0.008166436
-9.56633568,0.293125508,0.008363473
-9.858173211,0.296311655,0.008557461
-10.14934579,0.299497801,0.008748083
-10.44023878,0.302683948,0.008935922
-10.73059485,0.305870095,0.009120701
-11.02033594,0.309056242,0.009302195
-11.30970709,0.312242389,0.009480908
-11.59861495,0.315428536,0.009656712
-11.88678003,0.318614682,0.009829274
-12.17495683,0.321800829,0.009999101
-12.46207088,0.324986976,0.010165505
-12.74888247,0.328173123,0.010329032
-13.03495137,0.33135927,0.010489495
-13.32042578,0.334545416,0.01064722
-13.60569342,0.337731563,0.010801921
-13.88991444,0.34091771,0.010953203
-14.17388773,0.344103857,0.011102031
-14.45697043,0.347290004,0.011247395
-14.73943372,0.350476151,0.011390215
-15.02112785,0.353662297,0.011529824
-15.30235672,0.356848444,0.011666607
-15.58283968,0.360034591,0.011800599
-15.86246514,0.363220738,0.011931527
-16.14163458,0.366406885,0.012059435
-16.41983949,0.369593032,0.012184501
-16.69740872,0.372779178,0.012306502
-16.97422741,0.375965325,0.01242576
-17.2501207,0.379151472,0.012542052
-17.52510955,0.382337619,0.012655921
-17.79962947,0.385523766,0.012766332
-18.07320572,0.388709912,0.012873951
-18.34589095,0.391896059,0.012978678
-18.61766136,0.395082206,0.013080716
-18.88858408,0.398268353,0.013179976
-19.15865601,0.4014545,0.013276175
-19.42769427,0.404640647,0.013369674
-19.69580939,0.407826793,0.013460292
-19.96308713,0.41101294,0.01354809
-20.22926976,0.414199087,0.013633041
-20.4945425,0.417385234,0.013715851
-20.75881014,0.420571381,0.01379471
-21.02208159,0.423757528,0.013871777
-21.28412589,0.426943674,0.013945393
-21.54537979,0.430129821,0.014016321
-21.80539197,0.433315968,0.014084727
-22.0642397,0.436502115,0.014150455
-22.32211126,0.439688262,0.014213482
-22.57892823,0.442874408,0.014273642
-22.83443013,0.446060555,0.014330946
-23.08865477,0.449246702,0.014385868
-23.34197463,0.452432849,0.014437613
-23.59372343,0.455618996,0.014487176
-23.84461819,0.458805143,0.014534092
-24.09387208,0.461991289,0.014577847
-24.34212744,0.465177436,0.014618967
-24.58892518,0.468363583,0.014657949
-24.83443279,0.47154973,0.014693953
-25.07857039,0.474735877,0.014727281
-25.32145953,0.477922024,0.014758359
-25.56287612,0.48110817,0.014786703
-25.80289832,0.484294317,0.014812165
-26.04143814,0.487480464,0.014835149
-26.27869327,0.490666611,0.014855672
-26.51419969,0.493852758,0.014873494
-26.74850234,0.497038904,0.014888749
-26.98102319,0.500225051,0.014901899
-27.21205618,0.503411198,0.014912113
-27.44156069,0.506597345,0.014919737
-27.66949212,0.509783492,0.01492468
-27.89572204,0.512969639,0.01492794
-28.12029409,0.516155785,0.014928299
-28.34332752,0.519341932,0.014925894
-28.5646509,0.522528079,0.014921223
-28.783991,0.525714226,0.014914335
-29.00198815,0.528900373,0.014904756
-29.21778919,0.53208652,0.014892914
-29.43213358,0.535272666,0.014878184
-29.64443171,0.538458813,0.01486167
-29.85506808,0.54164496,0.014842347
-30.06362509,0.544831107,0.014821004
-30.27043031,0.548017254,0.014796703
-30.47528784,0.5512034,0.014770789
-30.67811784,0.554389547,0.014742127
-30.87897511,0.557575694,0.014711223
-31.07782354,0.560761841,0.014678018
-31.27453969,0.563947988,0.014642294
-31.4693132,0.567134135,0.014604532
-31.66187526,0.570320281,0.014564656
-31.85225688,0.573506428,0.014522166
-32.04062514,0.576692575,0.014477393
-32.2266711,0.579878722,0.014430537
-32.41066931,0.583064869,0.014381391
-32.59231182,0.586251016,0.014330543
-32.77168831,0.589437162,0.014276688
-32.94874286,0.592623309,0.014221351
-33.12323135,0.595809456,0.014163293
-33.2957157,0.598995603,0.014103556
-33.46550182,0.60218175,0.014041428
-33.63292858,0.605367896,0.013976991
-33.79779151,0.608554043,0.013910783
-33.96031154,0.61174019,0.013842008
-34.12020303,0.614926337,0.013771587
-34.27753659,0.618112484,0.0136989
-34.43217535,0.621298631,0.013624192
-34.58425657,0.624484777,0.013547739
-34.73344344,0.627670924,0.013468849
-34.88023312,0.630857071,0.01338791
-35.02429672,0.634043218,0.013305405
-35.16526648,0.637229365,0.013220515
-35.303628,0.640415512,0.013133798
-35.43896493,0.643601658,0.013045358
-35.57143673,0.646787805,0.012954545
-35.70100168,0.649973952,0.012862092
-35.82761219,0.653160099,0.012767761
-35.95133767,0.656346246,0.012671282
-36.07182651,0.659532392,0.012573021
-36.18929608,0.662718539,0.012473036
-36.30371732,0.665904686,0.012371061
-36.41490158,0.669090833,0.012267115
-36.52296376,0.67227698,0.012161534
-36.62770067,0.675463127,0.012054181
-36.72915155,0.678649273,0.011945374
-36.82703254,0.68183542,0.011834128
-36.92206042,0.685021567,0.011721444
-37.01341689,0.688207714,0.011607109
-37.10117405,0.691393861,0.011490858
-37.18573847,0.694580008,0.011372838
-37.26653533,0.697766154,0.011253434
-37.34390239,0.700952301,0.011132284
-37.41751558,0.704138448,0.01100934
-37.48765328,0.707324595,0.010884951
-37.55394561,0.710510742,0.010758602
-37.61664511,0.713696888,0.010630977
-37.67532143,0.716883035,0.010501324
-37.73034078,0.720069182,0.010370452
-37.78128383,0.723255329,0.010237827
-37.82844828,0.726441476,0.010104119
-37.87168713,0.729627623,0.009968491
-37.91078929,0.732813769,0.00983148
-37.94569915,0.735999916,0.009692705
-37.97686347,0.739186063,0.00955271
-38.00361582,0.74237221,0.009411219
-38.02609834,0.745558357,0.009268218
-38.04445095,0.748744504,0.009123942
-38.0585704,0.75193065,0.008978166
-38.06795004,0.755116797,0.008830777
-38.07328277,0.758302944,0.008682464
-38.07402693,0.761489091,0.008532557
-38.07028284,0.764675238,0.008381249
-38.06179544,0.767861384,0.008228619
-38.04897132,0.771047531,0.008074707
-38.03139639,0.774233678,0.007919743
-38.00901706,0.777419825,0.007763327
-37.9819237,0.780605972,0.007605591
-37.95015239,0.783792119,0.007446734
-37.91319021,0.786978265,0.007286835
-37.87138566,0.790164412,0.007125387
-37.82470915,0.793350559,0.006962964
-37.77298285,0.796536706,0.006799154
-37.71609819,0.799722853,0.006634384
-37.6540481,0.802908999,0.006468646
-37.58695833,0.806095146,0.006301388
-37.51427252,0.809281293,0.006133454
-37.436432,0.81246744,0.005964047
-37.3533313,0.815653587,0.005794084
-37.26455571,0.818839734,0.005622921
-37.1703535,0.82202588,0.005450895
-37.07078483,0.825212027,0.005277469
-36.96532702,0.828398174,0.005103283
-36.85444108,0.831584321,0.004927914
-36.73756761,0.834770468,0.00475202
-36.61501888,0.837956615,0.00457475
-36.48661226,0.841142761,0.004397031
-36.35222767,0.844328908,0.004217935
-36.211957,0.847515055,0.004038313
-36.06570697,0.850701202,0.003858095
-35.91319718,0.853887349,0.003676817
-35.75449462,0.857073495,0.003494367
-35.58978392,0.860259642,0.003311431
-35.41834945,0.863445789,0.00312791
-35.24100069,0.866631936,0.00294346
-35.05687265,0.869818083,0.002758012
-34.86639025,0.87300423,0.002572394
-34.66932055,0.876190376,0.002385899
-34.46574738,0.879376523,0.00219838
-34.25519184,0.88256267,0.002010629
-34.03797909,0.885748817,0.001822319
-33.81415109,0.888934964,0.001632838
-33.58327657,0.892121111,0.001443217
-33.3452077,0.895307257,0.001253082
-33.10049014,0.898493404,0.001062353
-32.84850107,0.901679551,0.000870892
-32.58925225,0.904865698,0.000679077
-32.32285889,0.908051845,0.000486505
-32.04904786,0.911237991,0.000293614
-31.76783569,0.914424138,0.000100294
-31.4790029,0.917610285,-9.33E-05
-31.18309007,0.920796432,-0.000287509
-30.87918485,0.923982579,-0.00048206
-30.56761418,0.927168726,-0.000677287
-30.2483186,0.930354872,-0.000872269
-29.92127275,0.933541019,-0.001067977
-29.58634733,0.936727166,-0.001263945
-29.24330019,0.939913313,-0.001460136
-28.8922549,0.94309946,-0.001656457
-28.53303488,0.946285607,-0.001853144
-28.16566786,0.949471753,-0.002050166
-27.78978871,0.9526579,-0.002247613
-27.40576595,0.955844047,-0.002444959
-27.01335357,0.959030194,-0.002642288
-26.61226247,0.962216341,-0.002840085
-26.20255681,0.965402487,-0.003037969
-25.78428174,0.968588634,-0.003236004
-25.35706804,0.971774781,-0.003434067
-24.92121302,0.974960928,-0.003632175
-24.47623869,0.978147075,-0.003830444
-24.02238215,0.981333222,-0.00402867
-23.55927016,0.984519368,-0.00422694
-23.08722171,0.987705515,-0.00442503
-22.60594305,0.990891662,-0.004623296
-22.11526345,0.994077809,-0.004821722
-21.61483662,0.997263956,-0.005019276
-21.1051763,1.000450103,-0.00521737
-20.58584395,1.003636249,-0.005415271
-20.05698636,1.006822396,-0.005613032
-19.51834977,1.010008543,-0.005810772
-18.96979181,1.01319469,-0.006008011
-18.41127457,1.016380837,-0.006205417
-17.8428008,1.019566983,-0.006402132
-17.26425495,1.02275313,-0.006599073
-16.67569605,1.025939277,-0.00679553
-16.07660664,1.029125424,-0.006991833
-15.46723033,1.032311571,-0.007187718
-14.84739202,1.035497718,-0.007383309
-14.21694023,1.038683864,-0.007578781
-13.57608258,1.041870011,-0.007773493
-12.92447224,1.045056158,-0.007968057
-12.26213331,1.048242305,-0.008162253
-11.58865599,1.051428452,-0.008355891
-10.90435936,1.054614599,-0.008549245
-10.2089989,1.057800745,-0.008742045
-9.5023044,1.060986892,-0.008934388
-8.784532589,1.064173039,-0.009126231
-8.055446456,1.067359186,-0.009317637
-7.314842217,1.070545333,-0.009508361
-6.562835836,1.073731479,-0.009698733
-5.799243329,1.076917626,-0.009888011
-5.023581651,1.080103773,-0.010077305
-4.236645236,1.08328992,-0.010265605
-3.437667082,1.086476067,-0.010453312
-2.626704146,1.089662214,-0.010640609
-1.803588356,1.09284836,-0.010826905
-0.968386984,1.096034507,-0.01101243
-0.120760957,1.099220654,-0.011197365
0.738954103,1.102406801,-0.011381702
1.611096302,1.105592948,-0.011564974
2.495973112,1.108779095,-0.011747594
3.393261534,1.111965241,-0.011929548
4.303520499,1.115151388,-0.01211036
5.226429225,1.118337535,-0.012290586
6.162277801,1.121523682,-0.012469644
7.111030317,1.124709829,-0.012648314
8.073006287,1.127895975,-0.012825815
9.047899256,1.131082122,-0.013002069
10.03629718,1.134268269,-0.013177642
11.03806607,1.137454416,-0.01335235
12.05322016,1.140640563,-0.013525884
13.08190519,1.14382671,-0.0136984
14.12421695,1.147012856,-0.013870099
15.18045853,1.150199003,-0.014040636
16.2501607,1.15338515,-0.014209871
17.33414387,1.156571297,-0.014378203
18.43194853,1.159757444,-0.014545444
19.54398806,1.162943591,-0.014711411
20.67004619,1.166129737,-0.014876406
21.8104584,1.169315884,-0.015039998
22.96529871,1.172502031,-0.015202507
24.13479243,1.175688178,-0.015363841
25.31861416,1.178874325,-0.015523894
26.51713996,1.182060471,-0.015682893
27.73047041,1.185246618,-0.015840097
28.9584683,1.188432765,-0.015996439
30.20162347,1.191618912,-0.016151342
31.4597734,1.194805059,-0.016304885
32.73288772,1.197991206,-0.01645708
34.02143795,1.201177352,-0.016607786
35.3251519,1.204363499,-0.016757113
36.64433071,1.207549646,-0.016905284
37.97889291,1.210735793,-0.01705148
39.32896557,1.21392194,-0.017196745
40.69482387,1.217108087,-0.017340343
42.07641238,1.220294233,-0.01748265
43.47370664,1.22348038,-0.017622977
44.88687369,1.226666527,-0.017761978
46.31623538,1.229852674,-0.017899461
47.76162356,1.233038821,-0.018035321
49.22316185,1.236224967,-0.018169719
50.70099094,1.239411114,-0.018302348
52.19504378,1.242597261,-0.018433452
53.7057,1.245783408,-0.018562759
55.23280147,1.248969555,-0.018690506
56.77635928,1.252155702,-0.018816542
58.3367352,1.255341848,-0.018940752
59.91383915,1.258527995,-0.019063015
61.50761142,1.261714142,-0.019184153
63.11854108,1.264900289,-0.01930295
64.74613899,1.268086436,-0.019420399
66.3910472,1.271272583,-0.019535718
68.05313156,1.274458729,-0.019649534
69.73227328,1.277644876,-0.019760898
71.42878993,1.280831023,-0.019870884
73.14246825,1.28401717,-0.019978857
74.87380878,1.287203317,-0.020084916
76.62256239,1.290389463,-0.020188992
78.38902085,1.29357561,-0.020291285
80.17304497,1.296761757,-0.020391485
81.97483196,1.299947904,-0.020489601
83.79428381,1.303134051,-0.020585969
85.63168269,1.306320198,-0.020680138
87.48698504,1.309506344,-0.020772349
89.36032173,1.312692491,-0.02086257
91.25150685,1.315878638,-0.020950532
93.16111142,1.319064785,-0.021036243
95.08861133,1.322250932,-0.021120208
97.03451684,1.325437079,-0.02120184
98.99853614,1.328623225,-0.021281613
100.9809891,1.331809372,-0.021358817
102.9818878,1.334995519,-0.021433987
105.0011767,1.338181666,-0.021506783
107.0390413,1.341367813,-0.021577903
109.0953332,1.344553959,-0.021646277
111.1702341,1.347740106,-0.021712527
113.2638699,1.350926253,-0.021776605
115.3761718,1.3541124,-0.021838289
117.5071658,1.357298547,-0.021897557
119.6570337,1.360484694,-0.021954543
121.8257842,1.36367084,-0.022009274
124.0131725,1.366856987,-0.022061668
126.2195484,1.370043134,-0.022111466
128.4449973,1.373229281,-0.02215904
130.6892271,1.376415428,-0.022204088
132.9527407,1.379601575,-0.022246817
135.2349365,1.382787721,-0.022286994
137.5364961,1.385973868,-0.022324642
139.8569923,1.389160015,-0.022360268
142.1966229,1.392346162,-0.022392908
144.5553279,1.395532309,-0.022423216
146.9334095,1.398718455,-0.022451151
149.3305544,1.401904602,-0.022475934
151.7469391,1.405090749,-0.022498681
154.1824917,1.408276896,-0.022518591
156.6373182,1.411463043,-0.022535911
159.1114075,1.41464919,-0.022550926
161.6045574,1.417835336,-0.022562657
164.1170103,1.421021483,-0.022572311
166.6488541,1.42420763,-0.022579181
169.2000253,1.427393777,-0.022583524
171.770319,1.430579924,-0.02258434
174.3599493,1.433766071,-0.022583434
176.9687926,1.436952217,-0.022579325
179.5970038,1.440138364,-0.022572416
182.2441756,1.443324511,-0.022562721
184.9107836,1.446510658,-0.022550407
187.5966172,1.449696805,-0.022535423
190.3016253,1.452882951,-0.022517392
193.0257436,1.456069098,-0.022496613
195.7691348,1.459255245,-0.022473057
198.5316366,1.462441392,-0.022446229
201.3131073,1.465627539,-0.022416851
204.1137842,1.468813686,-0.02238464
206.9334679,1.471999832,-0.022349341
209.7720753,1.475185979,-0.022311035
212.6297344,1.478372126,-0.022270144
215.5063821,1.481558273,-0.022225994
218.4020225,1.48474442,-0.022179188
221.3161676,1.487930567,-0.022129173
224.2494893,1.491116713,-0.022076201
227.2013231,1.49430286,-0.022020216
230.1721385,1.497489007,-0.02196105
233.1612954,1.500675154,-0.021898899
236.1690314,1.503861301,-0.021833995
239.1953981,1.507047447,-0.021765687
242.2402339,1.510233594,-0.021694142
245.3035189,1.513419741,-0.021619759
248.38498,1.516605888,-0.021542193
251.4846695,1.519792035,-0.021461661
254.6026726,1.522978182,-0.021377888
257.7385989,1.526164328,-0.021290562
260.8926943,1.529350475,-0.021200714
264.0646965,1.532536622,-0.021107247
267.2546025,1.535722769,-0.021010593
270.4621851,1.538908916,-0.020910962
273.6873039,1.542095063,-0.020808007
276.9300912,1.545281209,-0.020701939
280.1903295,1.548467356,-0.020592288
283.4679338,1.551653503,-0.02047948
286.7627705,1.55483965,-0.020363353
290.0747894,1.558025797,-0.020244103
293.4038178,1.561211943,-0.020121636
296.749726,1.56439809,-0.019995732
300.1125907,1.567584237,-0.019866157
303.4919478,1.570770384,-0.01973358
306.8879637,1.573956531,-0.019597747
310.3004308,1.577142678,-0.019458248
313.7290625,1.580328824,-0.019315383
317.1739482,1.583514971,-0.019169447
320.6348903,1.586701118,-0.019019891
324.1118026,1.589887265,-0.018866746
327.6043664,1.593073412,-0.01871027
331.1125464,1.596259559,-0.018550576
334.6362892,1.599445705,-0.018387303
338.1753541,1.602631852,-0.018220507
341.7294568,1.605817999,-0.018049938
345.2985925,1.609004146,-0.017876209
348.8827362,1.612190293,-0.01769891
352.4813072,1.615376439,-0.01751817
356.0944984,1.618562586,-0.01733374
359.7222725,1.621748733,-0.017145875
363.3639623,1.62493488,-0.016954687
367.0196761,1.628121027,-0.016759406
370.6893873,1.631307174,-0.016560869
374.372751,1.63449332,-0.016358791
378.0694932,1.637679467,-0.01615294
381.7795337,1.640865614,-0.015943726
385.5026884,1.644051761,-0.015730659
389.2388031,1.647237908,-0.015514162
392.9876489,1.650424055,-0.015293927
396.7489072,1.653610201,-0.015069769
400.5226665,1.656796348,-0.014842268
404.3085938,1.659982495,-0.014611054
408.1061109,1.663168642,-0.014376194
411.9156308,1.666354789,-0.014137521
415.7366114,1.669540935,-0.01389512
419.5689937,1.672727082,-0.013649136
423.4123236,1.675913229,-0.013399275
427.2664753,1.679099376,-0.01314588
431.131567,1.682285523,-0.012888545
435.0069362,1.68547167,-0.012627482
438.8924454,1.688657816,-0.01236284
442.7880257,1.691843963,-0.012094474
446.6933092,1.69503011,-0.01182209
450.6082829,1.698216257,-0.011546028
454.5324369,1.701402404,-0.011265997
458.4657278,1.704588551,-0.010982282
462.4078209,1.707774697,-0.010694925
466.3585311,1.710960844,-0.010403599
470.3175197,1.714146991,-0.010108254
474.2846426,1.717333138,-0.009809313
478.2597272,1.720519285,-0.009506381
482.2424273,1.723705431,-0.009199667
486.2324852,1.726891578,-0.008889042
490.2296193,1.730077725,-0.008574567
494.2337179,1.733263872,-0.008256132
498.2444983,1.736450019,-0.007933933
502.2616517,1.739636166,-0.007607692
506.2846953,1.742822312,-0.007277521
510.3138617,1.746008459,-0.006943564
514.3484727,1.749194606,-0.006605804
518.3887084,1.752380753,-0.006263924
522.4338095,1.7555669,-0.0059181
526.4835395,1.758753047,-0.005568285
530.5381518,1.761939193,-0.005214525
534.5970406,1.76512534,-0.004856751
538.6597103,1.768311487,-0.00449522
542.7263527,1.771497634,-0.004129637
546.7963684,1.774683781,-0.003760109
550.8697179,1.777869927,-0.003386375
554.9459265,1.781056074,-0.003008491
559.0248799,1.784242221,-0.002627287
563.1062064,1.787428368,-0.002241459
567.1896318,1.790614515,-0.001851705
571.2751565,1.793800662,-0.001457934
575.3619781,1.796986808,-0.001060353
579.4503133,1.800172955,-0.000658746
583.5396116,1.803359102,-0.000252663
587.6296456,1.806545249,0.00015684
591.7202367,1.809731396,0.000571051
595.8110234,1.812917543,0.000989082
599.9017798,1.816103689,0.001411248
603.9922154,1.819289836,0.001837358
608.0820006,1.822475983,0.002267372
612.1708392,1.82566213,0.002701519
616.2586304,1.828848277,0.003139882
620.3449361,1.832034423,0.003582511
624.4294587,1.83522057,0.004029155
628.5121243,1.838406717,0.004479903
632.5922759,1.841592864,0.004934826
636.6701048,1.844779011,0.005393829
640.7450144,1.847965158,0.005857066
644.8168795,1.851151304,0.006323911
648.8853641,1.854337451,0.006795384
652.9502961,1.857523598,0.007270816
657.0111309,1.860709745,0.007750657
661.0678697,1.863895892,0.008234456
665.120253,1.867082039,0.008722374
669.167713,1.870268185,0.009214338
673.210209,1.873454332,0.009710632
677.2475275,1.876640479,0.010210903
681.2794125,1.879826626,0.010715643
685.3052954,1.883012773,0.011224475
689.3250134,1.886198919,0.011737649
693.3385533,1.889385066,0.012254473
697.3454021,1.892571213,0.012775807
701.3453848,1.89575736,0.013301351
705.338558,1.898943507,0.013831052
709.324056,1.902129654,0.014365158
713.3018781,1.9053158,0.014903175
717.2717874,1.908501947,0.015445528
721.2335892,1.911688094,0.015992129
725.1869434,1.914874241,0.016543088
729.1316015,1.918060388,0.017097994
733.0674227,1.921246535,0.017656917
736.9941913,1.924432681,0.018220592
740.9113534,1.927618828,0.018788034
744.8188832,1.930804975,0.019360051
748.7166016,1.933991122,0.019936173
752.6041409,1.937177269,0.020516515
756.4811945,1.940363415,0.021101121
760.3475524,1.943549562,0.021689808
764.2031545,1.946735709,0.022283118
768.0477686,1.949921856,0.022880025
771.8809261,1.953108003,0.023481623
775.7024482,1.95629415,0.024087399
779.5123434,1.959480296,0.024697641
783.310035,1.962666443,0.025312089
787.0957429,1.96585259,0.02593043
790.8688468,1.969038737,0.026553158
794.6292327,1.972224884,0.027180581
798.3769057,1.975411031,0.027811691
802.1112668,1.978597177,0.028447224
805.8322876,1.981783324,0.029087123
809.5398486,1.984969471,0.029731091
813.2336104,1.988155618,0.030379401
816.9134865,1.991341765,0.031032141
820.5793568,1.994527911,0.031689117
824.2306216,1.997714058,0.032350332
827.8675817,2.000900205,0.033015908
831.4897096,2.004086352,0.033685476
835.0968859,2.007272499,0.034359349
838.6889201,2.010458646,0.035037714
842.2656053,2.013644792,0.035720413
845.8268671,2.016830939,0.036407143
849.3725597,2.020017086,0.037098347
852.9022974,2.023203233,0.03779382
856.4161255,2.02638938,0.038493344
859.9135819,2.029575527,0.039197334
863.3948988,2.032761673,0.03990547
866.8596036,2.03594782,0.040618076
870.3074123,2.039133967,0.041334755
873.7386467,2.042320114,0.04205583
877.1527631,2.045506261,0.042780933
880.5497563,2.048692407,0.043510767
883.9294693,2.051878554,0.044244431
887.2915139,2.055064701,0.044982766
890.63609,2.058250848,0.04572508
893.9629138,2.061436995,0.046471878
897.271961,2.064623142,0.047222698
900.5627601,2.067809288,0.047977929
903.8355044,2.070995435,0.048737554
907.0898722,2.074181582,0.049501253
910.3258835,2.077367729,0.050269234
913.543374,2.080553876,0.051041801
916.7421675,2.083740023,0.051818488
919.9220494,2.086926169,0.052599483
923.0830983,2.090112316,0.053384361
926.2250988,2.093298463,0.054173808
929.3479516,2.09648461,0.054967444
932.4515643,2.099670757,0.055765568
935.535772,2.102856903,0.056567916
938.6006742,2.10604305,0.057374172
941.6459995,2.109229197,0.058185058
944.6714482,2.112415344,0.059000189
947.677411,2.115601491,0.059819495
950.6635121,2.118787638,0.060642853
953.6296087,2.121973784,0.061470665
956.5756448,2.125159931,0.062302562
959.5016369,2.128346078,0.063139083
962.4075377,2.131532225,0.063979452
965.2930825,2.134718372,0.064824208
968.1583489,2.137904519,0.065673383
971.0031231,2.141090665,0.066526723
973.8276008,2.144276812,0.067384326
976.6316292,2.147462959,0.068246189
979.414823,2.150649106,0.069112132
982.1774092,2.153835253,0.069982325
984.9193492,2.157021399,0.07085704
987.6406461,2.160207546,0.071735516
990.3409579,2.163393693,0.07261843
993.0205417,2.16657984,0.073505584
995.6792287,2.169765987,0.074397247
998.3169107,2.172952134,0.075292621
1000.933637,2.17613828,0.07619282
1003.529292,2.179324427,0.077096519
1006.103915,2.182510574,0.078004732
1008.657364,2.185696721,0.078917299
1011.189932,2.188882868,0.079833879
1013.701159,2.192069015,0.080754799
1016.191219,2.195255161,0.081680025
1018.660036,2.198441308,0.082609287
1021.107802,2.201627455,0.083542601
1023.534235,2.204813602,0.084480268
1025.939371,2.207999749,0.085422408
1028.323369,2.211185895,0.086368122
1030.685966,2.214372042,0.087318301
1033.027376,2.217558189,0.088273011
1035.347402,2.220744336,0.089231209
1037.646276,2.223930483,0.090194357
1039.9237,2.22711663,0.09116121
1042.17991,2.230302776,0.092132131
1044.41482,2.233488923,0.09310742
1046.62837,2.23667507,0.094086659
1048.820622,2.239861217,0.095070046
1050.991825,2.243047364,0.096058012
1053.141468,2.246233511,0.097049602
1055.27011,2.249419657,0.09804574
1057.377612,2.252605804,0.099045593
1059.463695,2.255791951,0.100050068
1061.528663,2.258978098,0.101058209
1063.572239,2.262164245,0.102070718
1065.594873,2.265350391,0.103087284
1067.596512,2.268536538,0.104107751
1069.576942,2.271722685,0.105132643
1071.536198,2.274908832,0.106161573
1073.474534,2.278094979,0.107194545
1075.391985,2.281281126,0.108231746
1077.288275,2.284467272,0.109272734
1079.163638,2.287653419,0.110318
1081.018255,2.290839566,0.111367404
1082.851807,2.294025713,0.112420964
1084.66475,2.29721186,0.113478127
1086.45697,2.300398007,0.114539561
1088.228209,2.303584153,0.115605391
1089.979037,2.3067703,0.116675074
1091.709096,2.309956447,0.117748812
1093.41854,2.313142594,0.118826492
1095.107706,2.316328741,0.119908337
1096.776225,2.319514887,0.120994011
1098.424201,2.322701034,0.122083949
1100.051924,2.325887181,0.123177864
1101.659453,2.329073328,0.124275817
1103.246664,2.332259475,0.125377706
1104.813574,2.335445622,0.126483574
1106.360605,2.338631768,0.127593539
1107.887278,2.341817915,0.128707462
1109.3941,2.345004062,0.129825355
1110.880815,2.348190209,0.130947176
1112.347856,2.351376356,0.13207315
1113.795109,2.354562503,0.133202837
1115.222472,2.357748649,0.134336848
1116.630278,2.360934796,0.135474506
1118.018308,2.364120943,0.136616548
1119.386982,2.36730709,0.137762008
1120.736162,2.370493237,0.138911469
1122.06591,2.373679383,0.140065045
1123.376451,2.37686553,0.141222595
1124.667509,2.380051677,0.142384408
1125.939608,2.383237824,0.143549687
1127.192631,2.386423971,0.144718871
1128.426579,2.389610118,0.145891966
1129.64172,2.392796264,0.14706892
1130.837821,2.395982411,0.14825017
1132.015208,2.399168558,0.14943505
1133.173992,2.402354705,0.150623523
1134.314043,2.405540852,0.151816155
1135.435801,2.408726998,0.15301268
1136.538843,2.411913145,0.154213222
1137.623651,2.415099292,0.155417458
1138.69015,2.418285439,0.156625461
1139.738488,2.421471586,0.157837331
1140.768697,2.424657733,0.159053294
1141.780943,2.427843879,0.160272711
1142.775165,2.431030026,0.161496183
1143.75173,2.434216173,0.162723321
1144.710466,2.43740232,0.163954242
1145.651349,2.440588467,0.165189201
1146.574871,2.443774614,0.16642796
1147.480853,2.44696076,0.167670325
1148.369479,2.450146907,0.168916511
1149.240835,2.453333054,0.170166519
1150.09478,2.456519201,0.17142021
1150.931733,2.459705348,0.172677767
1151.751688,2.462891494,0.173939416
1152.554628,2.466077641,0.175204341
1153.340658,2.469263788,0.176473117
1154.110013,2.472449935,0.177745723
1154.862787,2.475636082,0.17902175
1155.598838,2.478822229,0.180301678
1156.318423,2.482008375,0.181585319
1157.021794,2.485194522,0.182872986
1157.708806,2.488380669,0.184164116
1158.379538,2.491566816,0.185458964
1159.034286,2.494752963,0.186757451
1159.673009,2.49793911,0.18805953
1160.295808,2.501125256,0.189365252
1160.90264,2.504311403,0.190674812
1161.493935,2.50749755,0.191987775
1162.069571,2.510683697,0.193304782
1162.629718,2.513869844,0.19462535
1163.174243,2.51705599,0.195949438
1163.703494,2.520242137,0.197277283
1164.217747,2.523428284,0.198608416
1164.716721,2.526614431,0.199943257
1165.200395,2.529800578,0.201282056
1165.669382,2.532986725,0.202624255
1166.123518,2.536172871,0.203969927
1166.562701,2.539359018,0.205319205
1166.987449,2.542545165,0.206672248
1167.397413,2.545731312,0.208028313
1167.792955,2.548917459,0.209388631
1168.174212,2.552103606,0.210752078
1168.541124,2.555289752,0.212119388
1168.893793,2.558475899,0.213490009
1169.232346,2.561662046,0.214864135
1169.556969,2.564848193,0.216241624
1169.86771,2.56803434,0.217622992
1170.164645,2.571220486,0.219007747
1170.447845,2.574406633,0.220395894
1170.717422,2.57759278,0.221787815
1170.973612,2.580778927,0.223182673
1171.215951,2.583965074,0.224581564
1171.44542,2.587151221,0.225983682
1171.661391,2.590337367,0.22738922
1171.864371,2.593523514,0.228798328
1172.05419,2.596709661,0.230210657
1172.230968,2.599895808,0.231626653
1172.39492,2.603081955,0.233045955
1172.546266,2.606268102,0.234468992
1172.684695,2.609454248,0.235894987
1172.810717,2.612640395,0.237324401
1172.924087,2.615826542,0.238757443
1173.025198,2.619012689,0.240193732
1173.113986,2.622198836,0.241633481
1173.190462,2.625384982,0.243076511
1173.254824,2.628571129,0.244523071
1173.307118,2.631757276,0.245972822
1173.347616,2.634943423,0.247426037
1173.376309,2.63812957,0.24888244
1173.39298,2.641315717,0.25034234
1173.398152,2.644501863,0.251805296
1173.391591,2.64768801,0.253271632
1173.37362,2.650874157,0.254741424
1173.344315,2.654060304,0.256214515
1173.303613,2.657246451,0.257690779
1173.251684,2.660432598,0.259170261
1173.188631,2.663618744,0.260653371
1173.11447,2.666804891,0.262139359
1173.02936,2.669991038,0.263628696
1172.933342,2.673177185,0.265121276
1172.826461,2.676363332,0.266617182
1172.709255,2.679549478,0.268116411
1172.581045,2.682735625,0.26961869
1172.442381,2.685921772,0.271124091
1172.293216,2.689107919,0.272632595
1172.133785,2.692294066,0.274144841
1171.964119,2.695480213,0.275659747
1171.78414,2.698666359,0.277177988
1171.59414,2.701852506,0.278699334
1171.393998,2.705038653,0.280223871
1171.183984,2.7082248,0.28175168
1170.964292,2.711410947,0.283282503
1170.734502,2.714597094,0.284816567
1170.495246,2.71778324,0.286353601
1170.246289,2.720969387,0.287894039
1169.987559,2.724155534,0.289437424
1169.719671,2.727341681,0.290983672
1169.442282,2.730527828,0.292533334
1169.155582,2.733713974,0.294085962
1168.859742,2.736900121,0.295641526
1168.554695,2.740086268,0.297200601
1168.240639,2.743272415,0.298762176
1167.917683,2.746458562,0.300326781
1167.585607,2.749644709,0.301894997
1167.244806,2.752830855,0.303465988
1166.895304,2.756017002,0.305039739
1166.537146,2.759203149,0.306616845
1166.170369,2.762389296,0.308196684
1165.794942,2.765575443,0.309779639
1165.41128,2.76876159,0.311365908
1165.019072,2.771947736,0.312954489
1164.618632,2.775133883,0.314546511
1164.210024,2.77832003,0.316141286
1163.793196,2.781506177,0.317739046
1163.368328,2.784692324,0.319339963
1162.935418,2.78787847,0.320943672
1162.494598,2.791064617,0.322550031
1162.045931,2.794250764,0.324159612
1161.589458,2.797436911,0.325772225
1161.125214,2.800623058,0.327387489
1160.653493,2.803809205,0.329005739
1160.17408,2.806995351,0.330626795
1159.686989,2.810181498,0.33225068
1159.19259,2.813367645,0.333877533
1158.69096,2.816553792,0.335507467
1158.18191,2.819739939,0.337139547
1157.665626,2.822926086,0.338775082
1157.142179,2.826112232,0.340413404
1156.611795,2.829298379,0.342054331
1156.074134,2.832484526,0.343698089
1155.52959,2.835670673,0.34534482
1154.978203,2.83885682,0.346994177
1154.419864,2.842042966,0.348646592
1153.854791,2.845229113,0.350301509
1153.283103,2.84841526,0.35195912
1152.704769,2.851601407,0.353619702
1152.119913,2.854787554,0.355283031
1151.528246,2.857973701,0.356948892
1150.930324,2.861159847,0.358617755
1150.325962,2.864345994,0.360289385
1149.715423,2.867532141,0.36196344
1149.098338,2.870718288,0.363640208
1148.475209,2.873904435,0.365319668
1147.845918,2.877090582,0.367002308
1147.210721,2.880276728,0.368687032
1146.56932,2.883462875,0.370374642
1145.921927,2.886649022,0.372064996
1145.268692,2.889835169,0.373758088
1144.60962,2.893021316,0.375453119
1143.944701,2.896207462,0.377151407
1143.274109,2.899393609,0.378852262
1142.597769,2.902579756,0.38055576
1141.915902,2.905765903,0.382261881
1141.228275,2.90895205,0.38397039
1140.535331,2.912138197,0.385681668
1139.836963,2.915324343,0.387395438
1139.13312,2.91851049,0.38911163
1138.423963,2.921696637,0.390830745
1137.709665,2.924882784,0.392552251
1136.989814,2.928068931,0.394276259
1136.265007,2.931255078,0.396003138
1135.534941,2.934441224,0.397732064
1134.799842,2.937627371,0.399463346
1134.059935,2.940813518,0.401197804
1133.314815,2.943999665,0.402934409
1132.56482,2.947185812,0.404673722
1131.809912,2.950371958,0.406415286
1131.050389,2.953558105,0.408159283
1130.285896,2.956744252,0.409905902
1129.516872,2.959930399,0.411654923
1128.743054,2.963116546,0.413406266
1127.964699,2.966302693,0.415160105
1127.181721,2.969488839,0.416916684
1126.394209,2.972674986,0.418675347
1125.60246,2.975861133,0.420436475
1124.805912,2.97904728,0.42220019
1124.005265,2.982233427,0.42396606
1123.200202,2.985419574,0.425734545
1122.390834,2.98860572,0.427505268
1121.577293,2.991791867,0.429278271
1120.759383,2.994978014,0.431053698
1119.937621,2.998164161,0.432831584
1119.111696,3.001350308,0.434611985
1118.281666,3.004536454,0.43639413
1117.447576,3.007722601,0.438179187
1116.609656,3.010908748,0.439966255
1115.767703,3.014094895,0.441755688
1114.92183,3.017281042,0.443547705
1114.072258,3.020467189,0.445341572
1113.218943,3.023653335,0.447138069
1112.361723,3.026839482,0.448936353
1111.500931,3.030025629,0.450737468
1110.636369,3.033211776,0.452540489
1109.768204,3.036397923,0.454346047
1108.896361,3.03958407,0.456153665
1108.021219,3.042770216,0.457963514
1107.14246,3.045956363,0.459775529
1106.260242,3.04914251,0.461589811
1105.374687,3.052328657,0.463406477
1104.485589,3.055514804,0.465225101
1103.593419,3.05870095,0.467045767
1102.697637,3.061887097,0.468868968
1101.798743,3.065073244,0.470694158
1100.896562,3.068259391,0.472521572
1099.991165,3.071445538,0.474351231
1099.082865,3.074631685,0.476182748
1098.1713,3.077817831,0.478016606
1097.256567,3.081003978,0.479852607
1096.338788,3.084190125,0.481690468
1095.418104,3.087376272,0.483531029
1094.494602,3.090562419,0.485372974
1093.567811,3.093748566,0.487217621
1092.638322,3.096934712,0.489063969
1091.706127,3.100120859,0.490912459
1090.770875,3.103307006,0.49276318
1089.832979,3.106493153,0.494615868
1088.892104,3.1096793,0.496470371
1087.948683,3.112865446,0.498327341
1087.00265,3.116051593,0.500186066
1086.05378,3.11923774,0.502046724
1085.102373,3.122423887,0.503909684
1084.148417,3.125610034,0.505774508
1083.191908,3.128796181,0.507641391
1082.232769,3.131982327,0.509510228
1081.27125,3.135168474,0.511381052
1080.30716,3.138354621,0.51325357
1079.340628,3.141540768,0.515128513
1078.371675,3.144726915,0.51700486
1077.400552,3.147913062,0.518883868
1076.427055,3.151099208,0.520764685
1075.45108,3.154285355,0.522646735
1074.47292,3.157471502,0.524531292
1073.49238,3.160657649,0.52641772
1072.50979,3.163843796,0.528305882
1071.524881,3.167029942,0.530196257
1070.537893,3.170216089,0.532088369
1069.548773,3.173402236,0.533982433
1068.557511,3.176588383,0.535877945
1067.564181,3.17977453,0.537775905
1066.568827,3.182960677,0.539675333
1065.571473,3.186146823,0.541576782
1064.572156,3.18933297,0.543479976
1063.570846,3.192519117,0.545384987
1062.567458,3.195705264,0.547291948
1061.562284,3.198891411,0.549200614
1060.555155,3.202077558,0.551111053
1059.546197,3.205263704,0.553023246
1058.535437,3.208449851,0.554937721
1057.522883,3.211635998,0.556853428
1056.508262,3.214822145,0.558771193
1055.492057,3.218008292,0.560690699
1054.474326,3.221194438,0.562611648
1053.454626,3.224380585,0.564534559
1052.433429,3.227566732,0.566459296
1051.410421,3.230752879,0.568385705
1050.385877,3.233939026,0.570313908
1049.359627,3.237125173,0.572243575
1048.331846,3.240311319,0.574175369
1047.302438,3.243497466,0.576108693
1046.271679,3.246683613,0.5780438
1045.239181,3.24986976,0.579980188
1044.205378,3.253055907,0.581918657
1043.16974,3.256242054,0.583858488
1042.133076,3.2594282,0.58580023
1041.094645,3.262614347,0.587743746
1040.054965,3.265800494,0.589688511
1039.013844,3.268986641,0.591635045
1037.97131,3.272172788,0.59358315
1036.927547,3.275358934,0.595533157
1035.882557,3.278545081,0.597484876
1034.835944,3.281731228,0.599437625
1033.788256,3.284917375,0.60139219
1032.739228,3.288103522,0.603348673
1031.688955,3.291289669,0.6053064
1030.637631,3.294475815,0.607265975
1029.584892,3.297661962,0.609226609
1028.530965,3.300848109,0.611189304
1027.475922,3.304034256,0.61315343
1026.419873,3.307220403,0.61511902
1025.362491,3.31040655,0.617086286
1024.304101,3.313592696,0.619054902
1023.244584,3.316778843,0.621025166
1022.184123,3.31996499,0.622996766
1021.122464,3.323151137,0.624969906
1020.059761,3.326337284,0.626944797
1018.995992,3.32952343,0.628920813
1017.931479,3.332709577,0.630898702
1016.865764,3.335895724,0.632878052
1015.799115,3.339081871,0.634858517
1014.731466,3.342268018,0.636840247
1013.66311,3.345454165,0.638824117
1012.59368,3.348640311,0.640809217
1011.52336,3.351826458,0.642795629
1010.452223,3.355012605,0.644783294
1009.380022,3.358198752,0.646772386
1008.307141,3.361384899,0.648763369
1007.233591,3.364571046,0.650755254
1006.158924,3.367757192,0.652748886
1005.08355,3.370943339,0.654743621
1004.007372,3.374129486,0.656739901
1002.930502,3.377315633,0.658737636
1001.852783,3.38050178,0.660736534
1000.77439,3.383687926,0.662736823
999.6951615,3.386874073,0.664738506
998.6154551,3.39006022,0.666741719
997.5347721,3.393246367,0.668746019
996.4535742,3.396432514,0.670751658
995.3717838,3.399618661,0.672758612
994.2891903,3.402804807,0.674766808
993.2060253,3.405990954,0.676776675
992.1221729,3.409177101,0.678787571
991.037754,3.412363248,0.680799912
989.9527728,3.415549395,0.682813238
988.8670296,3.418735542,0.684828004
987.7810088,3.421921688,0.686843991
986.6942531,3.425107835,0.688861565
985.6069594,3.428293982,0.690879853
984.5192064,3.431480129,0.692900124
983.4308069,3.434666276,0.694920611
982.3419478,3.437852422,0.696943236
981.252614,3.441038569,0.698966648
980.1627189,3.444224716,0.700991462
979.0725056,3.447410863,0.70301724
977.9817515,3.45059701,0.705044446
976.8904259,3.453783157,0.707072953
975.7988499,3.456969303,0.709102322
974.7069119,3.46015545,0.711133007
973.614272,3.463341597,0.713165029
972.5214795,3.466527744,0.715198059
971.4281352,3.469713891,0.717232156
970.334559,3.472900038,0.719267501
969.2404822,3.476086184,0.721304288
968.1460761,3.479272331,0.723342209
967.0513674,3.482458478,0.725380627
965.9562289,3.485644625,0.72742052
964.8607924,3.488830772,0.729461618
963.7652134,3.492016918,0.731503803
962.6693074,3.495203065,0.733546983
961.5728774,3.498389212,0.735591192
960.4763422,3.501575359,0.737636884
959.3794321,3.504761506,0.739683242
958.282277,3.507947653,0.741730965
957.1849641,3.511133799,0.743779467
956.0873784,3.514319946,0.745829354
954.9894228,3.517506093,0.747880169
953.8912951,3.52069224,0.749932026
952.7929523,3.523878387,0.751984793
951.6945484,3.527064534,0.754038792
950.5957916,3.53025068,0.756093777
949.4968378,3.533436827,0.758149621
948.3976979,3.536622974,0.760206489
947.2984398,3.539809121,0.762264652
946.199015,3.542995268,0.764323469
945.0994699,3.546181414,0.766383686
943.9997368,3.549367561,0.768444352
942.8997928,3.552553708,0.770506662
941.7997326,3.555739855,0.772569354
940.699583,3.558926002,0.774633249
939.5993453,3.562112149,0.776697952
938.4990948,3.565298295,0.778763617
937.3985045,3.568484442,0.780830329
936.2979947,3.571670589,0.782897991
935.1973827,3.574856736,0.784966835
934.0966142,3.578042883,0.787036132
932.9957968,3.58122903,0.789106616
931.8950081,3.584415176,0.791178319
930.7939528,3.587601323,0.793250285
929.693054,3.59078747,0.795323695
928.5920129,3.593973617,0.797397687
927.4908313,3.597159764,0.799472385
926.3898283,3.60034591,0.801548288
925.2888155,3.603532057,0.803624943
924.18763,3.606718204,0.805702843
923.0865683,3.609904351,0.807781213
921.9853929,3.613090498,0.809860325
920.8842529,3.616276645,0.811940671
919.7832456,3.619462791,0.814021757
918.6820694,3.622648938,0.816103356
917.5810874,3.625835085,0.818186119
916.4800391,3.629021232,0.820269523
915.3789125,3.632207379,0.822353581
914.278024,3.635393526,0.824438727
913.1769864,3.638579672,0.826524559
912.0762808,3.641765819,0.82861127
910.9753341,3.644951966,0.830698902
909.8746853,3.648138113,0.832786924
908.7740109,3.65132426,0.834875883
907.6734278,3.654510406,0.83696581
906.5730801,3.657696553,0.839056238
905.4723659,3.6608827,0.841147603
904.3722071,3.664068847,0.843239657
903.2718775,3.667254994,0.8453326
902.1718104,3.670441141,0.847426032
901.0717322,3.673627287,0.849520405
899.9718226,3.676813434,0.851615331
898.871779,3.679999581,0.853710992
897.7722254,3.683185728,0.855807558
896.672562,3.686371875,0.857904556
895.5731464,3.689558022,0.8600025
894.4739665,3.692744168,0.862100715
893.3746468,3.695930315,0.864200375
892.2754934,3.699116462,0.86630044
891.1767363,3.702302609,0.8684009
890.0781451,3.705488756,0.870502197
888.9795871,3.708674902,0.872604172
887.8811196,3.711861049,0.8747064
886.7828092,3.715047196,0.876809905
885.684841,3.718233343,0.878913863
884.586714,3.72141949,0.881018321
883.4890252,3.724605637,0.88312335
882.3914808,3.727791783,0.885229277
881.2940483,3.73097793,0.887335735
880.1967641,3.734164077,0.889442961
879.1000292,3.737350224,0.891550616
878.003131,3.740536371,0.893658611
876.9066382,3.743722518,0.895767459
875.8102517,3.746908664,0.897877227
874.7137281,3.750094811,0.899987021
873.6178455,3.753280958,0.902097827
872.5221554,3.756467105,0.904208966
871.4265884,3.759653252,0.906320708
870.3312697,3.762839398,0.908433199
869.2360064,3.766025545,0.91054629
868.1412097,3.769211692,0.912659185
867.0466734,3.772397839,0.914773555
865.9520421,3.775583986,0.916887969
864.8579939,3.778770133,0.919003107
863.7640463,3.781956279,0.921118575
862.6703042,3.785142426,0.923235005
861.5767106,3.788328573,0.925351406
860.4834912,3.79151472,0.927468573
859.390509,3.794700867,0.929586412
858.2978799,3.797887014,0.931704628
857.2051724,3.80107316,0.933823087
856.1129642,3.804259307,0.935942197
855.0209028,3.807445454,0.93806202
853.92923,3.810631601,0.940181794
852.8377853,3.813817748,0.942302549
851.7465987,3.817003894,0.944423602
850.6556478,3.820190041,0.946545238
849.5649161,3.823376188,0.948666836
848.4746084,3.826562335,0.950789506
847.3843918,3.829748482,0.952912393
846.2945547,3.832934629,0.955035918
845.2049714,3.836120775,0.957159641
844.1156711,3.839306922,0.959283759
843.0266969,3.842493069,0.961408292
841.9380308,3.845679216,0.963533105
840.8494858,3.848865363,0.96565861
839.7613986,3.85205151,0.967784612
838.6735222,3.855237656,0.969910714
837.5859824,3.858423803,0.972037652
836.4987151,3.86160995,0.974164445
835.4118029,3.864796097,0.976291853
834.3250102,3.867982244,0.978419553
833.2385852,3.87116839,0.980547984
832.1523938,3.874354537,0.982676512
831.0666505,3.877540684,0.984805565
829.9812014,3.880726831,0.986934633
828.8959386,3.883912978,0.989064232
827.8110303,3.887099125,0.991193991
826.7265208,3.890285271,0.993324729
825.6422373,3.893471418,0.995455371
824.558275,3.896657565,0.997586194
823.4745721,3.899843712,0.999717462
822.3911092,3.903029859,1.001849078
821.3080725,3.906216006,1.003981242
820.2254988,3.909402152,1.00611337
819.1430278,3.912588299,1.008245976
818.0610413,3.915774446,1.010378692
816.9790011,3.918960593,1.012512156
815.8977461,3.92214674,1.014645167
814.8165578,3.925332886,1.016779019
813.7358066,3.928519033,1.01891324
812.6550766,3.93170518,1.021047445
811.5750518,3.934891327,1.023181995
810.4952119,3.938077474,1.025316992
809.41549,3.941263621,1.027451921
808.3362963,3.944449767,1.029587385
807.2574486,3.947635914,1.031722708
806.1789589,3.950822061,1.033859035
805.1006195,3.954008208,1.035994828
804.0227843,3.957194355,1.038131489
802.9451438,3.960380502,1.040268128
801.8678591,3.963566648,1.04240469
800.790974,3.966752795,1.044541492
799.7144151,3.969938942,1.046679081
798.6381276,3.973125089,1.0488165
797.5619234,3.976311236,1.050954002
796.4863351,3.979497382,1.053092141
795.4111714,3.982683529,1.055229944
794.3361333,3.985869676,1.057368341
793.261579,3.989055823,1.05950652
792.1873053,3.99224197,1.061645403
791.1133258,3.995428117,1.063784108
790.0396798,3.998614263,1.065923039
788.9663686,4.00180041,1.068062454
787.8934054,4.004986557,1.070201511
786.8205727,4.008172704,1.072340804
785.7482806,4.011358851,1.074480476
784.6763184,4.014544997,1.07662015
783.6048179,4.017731144,1.078760201
782.5334352,4.020917291,1.080900311
781.4624276,4.024103438,1.083040362
780.3916666,4.027289585,1.085180808
779.3214709,4.030475732,1.087321398
778.2514263,4.033661878,1.089461794
777.1818377,4.036848025,1.091602533
776.1123995,4.040034172,1.093743633
775.0435598,4.043220319,1.095884162
773.9746924,4.046406466,1.098025173
772.9065202,4.049592613,1.100166166
771.8384309,4.052778759,1.102307343
770.7706465,4.055964906,1.10444898
769.7034551,4.059151053,1.106590176
768.6364298,4.0623372,1.108731354
767.569607,4.065523347,1.11087265
766.5033694,4.068709493,1.1130145
765.4373608,4.07189564,1.115156207
764.3717285,4.075081787,1.117297903
763.3063934,4.078267934,1.119439909
762.2413458,4.081454081,1.121581681
761.1766344,4.084640228,1.123723453
760.1122958,4.087826374,1.125865059
759.0481735,4.091012521,1.128007543
757.9845139,4.094198668,1.130149124
756.9212274,4.097384815,1.132291504
755.8579471,4.100570962,1.134433593
754.7952968,4.103757109,1.136575638
753.7328597,4.106943255,1.138717621
752.6709512,4.110129402,1.140859652
751.609064,4.113315549,1.143002059
750.5477002,4.116501696,1.145144198
749.4866172,4.119687843,1.14728599
748.4258826,4.122873989,1.149427986
747.3653156,4.126060136,1.151570624
746.3051716,4.129246283,1.153711994
745.2453874,4.13243243,1.155854342
744.1858249,4.135618577,1.157996647
743.1266992,4.138804724,1.16013852
742.0678054,4.14199087,1.162280671
741.0093237,4.145177017,1.164422444
739.9510685,4.148363164,1.16656444
738.8932082,4.151549311,1.168706208
737.8357432,4.154735458,1.170848394
736.7783418,4.157921605,1.17299011
735.721435,4.161107751,1.175131477
734.6646224,4.164293898,1.177273392
733.6084842,4.167480045,1.179415313
732.5523737,4.170666192,1.181556645
731.4968677,4.173852339,1.183697887
730.4413197,4.177038485,1.185839284
729.3863205,4.180224632,1.18798102
728.3314382,4.183410779,1.190122143
727.2770349,4.186596926,1.19226331
726.2228559,4.189783073,1.19440435
725.1690558,4.19296922,1.196545425
724.1154101,4.196155366,1.198685975
723.062202,4.199341513,1.200827368
722.0092202,4.20252766,1.202967554
720.9567572,4.205713807,1.205108233
719.9042207,4.208899954,1.207248438
718.8523356,4.212086101,1.209388956
717.8005546,4.215272247,1.211529232
716.7492133,4.218458394,1.213669469
715.6979556,4.221644541,1.215809453
714.6471725,4.224830688,1.217949036
713.5967655,4.228016835,1.220088816
712.5464302,4.231202981,1.222228552
711.4963416,4.234389128,1.224367871
710.4468557,4.237575275,1.226506987
709.3972954,4.240761422,1.228646267
708.3483673,4.243947569,1.230785039
707.2994546,4.247133716,1.23292351
706.2510019,4.250319862,1.235062332
705.2029206,4.253506009,1.237200627
704.1548817,4.256692156,1.239338923
703.1072884,4.259878303,1.241477
702.0597652,4.26306445,1.243615066
701.0128147,4.266250597,1.2457528
699.9659651,4.269436743,1.247890088
698.9194587,4.27262289,1.250027571
697.8731095,4.275809037,1.252164515
696.8272255,4.278995184,1.254301632
695.7816777,4.282181331,1.256438329
694.7361652,4.285367477,1.258574863
693.6910721,4.288553624,1.26071113
692.6462346,4.291739771,1.262847602
691.6015225,4.294925918,1.264983372
690.5572939,4.298112065,1.267118755
689.5132098,4.301298212,1.269254288
688.4694192,4.304484358,1.271389609
687.4258273,4.307670505,1.2735243
686.3826942,4.310856652,1.275659414
685.3395288,4.314042799,1.277793965
684.2968041,4.317228946,1.27992831
683.2545121,4.320415093,1.282062262
682.2122678,4.323601239,1.284196022
681.1702541,4.326787386,1.286329083
680.1285397,4.329973533,1.288462538
679.0871289,4.33315968,1.290595901
678.0459316,4.336345827,1.292728353
677.0049607,4.339531973,1.294860842
675.9643114,4.34271812,1.296993041
674.9239755,4.345904267,1.299124765
673.8836008,4.349090414,1.30125657
672.8437539,4.352276561,1.303388249
671.8040056,4.355462708,1.305519269
670.7646659,4.358648854,1.307650142
669.72536,4.361835001,1.309780414
668.686249,4.365021148,1.311910733
667.6475322,4.368207295,1.314040649
666.609106,4.371393442,1.316170466
665.5708973,4.374579589,1.318299376
664.5327857,4.377765735,1.320428727
663.495142,4.380951882,1.322557206
662.457532,4.384138029,1.32468561
661.4204304,4.387324176,1.326813563
660.3831946,4.390510323,1.328941361
659.3463199,4.393696469,1.331068988
658.3097613,4.396882616,1.333195624
657.273235,4.400068763,1.335322482
656.237116,4.40325491,1.337448753
655.2012261,4.406441057,1.339574651
654.1654991,4.409627204,1.341700965
653.129923,4.41281335,1.343826271
652.0946785,4.415999497,1.345951495
651.0596726,4.419185644,1.348076163
650.0246901,4.422371791,1.35020041
648.9901215,4.425557938,1.352324386
647.9556668,4.428744085,1.354447564
646.9213836,4.431930231,1.356570991
645.8873764,4.435116378,1.358694018
644.8536524,4.438302525,1.360816585
643.8198923,4.441488672,1.362938744
642.7866293,4.444674819,1.365060241
641.7533581,4.447860965,1.367182106
640.720321,4.451047112,1.369302896
639.6876232,4.454233259,1.371423485
638.6549865,4.457419406,1.373543628
637.6226546,4.460605553,1.37566387
636.5903889,4.4637917,1.377783174
635.558459,4.466977846,1.379902154
634.5265384,4.470163993,1.382020999
633.4949755,4.47335014,1.384139112
632.4635699,4.476536287,1.38625716
631.4322876,4.479722434,1.388374341
630.4014397,4.482908581,1.390491057
629.370445,4.486094727,1.392608049
628.3397672,4.489280874,1.39472386
627.3091038,4.492467021,1.396839651
626.2787289,4.495653168,1.398954941
625.2487579,4.498839315,1.401069886
624.2186478,4.502025461,1.403184472
623.1890158,4.505211608,1.405298246
622.1594629,4.508397755,1.407412246
621.1299783,4.511583902,1.409525374
620.1006625,4.514770049,1.411637986
619.0714902,4.517956196,1.413750413
618.0424809,4.521142342,1.415861807
617.0138506,4.524328489,1.417973348
615.9852023,4.527514636,1.420084453
614.9567654,4.530700783,1.422194963
613.9286184,4.53388693,1.424304585
612.9004124,4.537073077,1.426414542
611.8724758,4.540259223,1.428523597
610.8446057,4.54344537,1.430632204
609.8168538,4.546631517,1.432740265
608.7893985,4.549817664,1.434848065
607.762117,4.553003811,1.436954937
606.7348803,4.556189957,1.439061778
605.707853,4.559376104,1.441167909
604.6811021,4.562562251,1.443273328
603.6542854,4.565748398,1.445378882
602.6276454,4.568934545,1.447483897
601.6012277,4.572120692,1.449588092
600.5749458,4.575306838,1.451691703
599.5486006,4.578492985,1.453794892
598.5226217,4.581679132,1.455897681
597.496791,4.584865279,1.45799979
596.4707904,4.588051426,1.460101937
595.4452723,4.591237573,1.462202715
594.4197263,4.594423719,1.46430371
593.3943183,4.597609866,1.466404168
592.3691402,4.600796013,1.468503882
591.3440099,4.60398216,1.470602762
590.3189056,4.607168307,1.47270139
589.2941162,4.610354453,1.474799445
588.2693048,4.6135406,1.476897196
587.2447244,4.616726747,1.478994274
586.2201027,4.619912894,1.481090486
585.1958198,4.623099041,1.48318677
584.1716163,4.626285188,1.485282413
583.1472511,4.629471334,1.487377373
582.1232385,4.632657481,1.489471632
581.099355,4.635843628,1.491565103
580.0753445,4.639029775,1.493658588
579.0517262,4.642215922,1.495751378
578.0281896,4.645402069,1.497843386
577.0044309,4.648588215,1.499934994
575.9811507,4.651774362,1.502025946
574.9578574,4.654960509,1.504116737
573.934503,4.658146656,1.506206815
572.9115443,4.661332803,1.508295786
571.8886555,4.664518949,1.510384537
570.8656622,4.667705096,1.512473061
569.8429101,4.670891243,1.514560689
568.8200434,4.67407739,1.516647673
567.7974047,4.677263537,1.518734105
566.7747438,4.680449684,1.520820109
565.7523425,4.68363583,1.522905447
564.7298872,4.686821977,1.524990076
563.7076005,4.690008124,1.527074161
562.6854953,4.693194271,1.5291578
561.6633508,4.696380418,1.531240557
560.6412916,4.699566565,1.533323163
559.6191834,4.702752711,1.535405179
558.5973566,4.705938858,1.537485959
557.5755055,4.709125005,1.539566451
556.5536642,4.712311152,1.541646515
555.5319899,4.715497299,1.543725848
554.5104305,4.718683445,1.545804491
553.4888562,4.721869592,1.547882723
552.4674777,4.725055739,1.549960199
551.4460883,4.728241886,1.552036976
550.4248121,4.731428033,1.554113435
549.4034158,4.73461418,1.556189061
548.3821816,4.737800326,1.558263929
547.3610562,4.740986473,1.560338399
546.3400367,4.74417262,1.562412074
545.3189701,4.747358767,1.564485214
544.2978091,4.750544914,1.566557839
543.2770454,4.753731061,1.56862957
542.256065,4.756917207,1.570700784
541.2351079,4.760103354,1.572771402
540.2144129,4.763289501,1.574841491
539.1937376,4.766475648,1.576910742
538.1729726,4.769661795,1.578979364
537.1524384,4.772847941,1.581047409
536.1316567,4.776034088,1.583114464
535.1112346,4.779220235,1.585181426
534.0908427,4.782406382,1.587247946
533.0702875,4.785592529,1.589312978
532.0498211,4.788778676,1.591377324
531.0293149,4.791964822,1.593441421
530.0091279,4.795150969,1.595505133
528.9885288,4.798337116,1.597567775
527.9683605,4.801523263,1.59963002
526.9481279,4.80470941,1.601691226
525.9278458,4.807895557,1.603752066
524.9075618,4.811081703,1.605812288
523.8875138,4.81426785,1.607871405
522.8673728,4.817453997,1.609930145
521.847261,4.820640144,1.611988333
520.8270382,4.823826291,1.614045445
519.8068768,4.827012437,1.616102271
518.7868694,4.830198584,1.618158378
517.7670159,4.833384731,1.620213503
516.7467363,4.836570878,1.622267914
515.7267481,4.839757025,1.624321771
514.7066347,4.842943172,1.62637528
513.6867275,4.846129318,1.628427724
512.6668095,4.849315465,1.630479387
511.6468124,4.852501612,1.632530391
510.626678,4.855687759,1.634581256
509.6068362,4.858873906,1.636630783
508.5868246,4.862060053,1.63868009
507.5670035,4.865246199,1.640728084
506.5470166,4.868432346,1.642775621
505.5270037,4.871618493,1.644822332
504.507136,4.87480464,1.646868339
503.4871448,4.877990787,1.648913947
502.4671086,4.881176933,1.650958714
501.4473002,4.88436308,1.653002593
500.4272136,4.887549227,1.655046065
499.407263,4.890735374,1.657088116
498.3874384,4.893921521,1.659129971
497.3671752,4.897107668,1.661171061
496.3473316,4.900293814,1.663211736
495.3273448,4.903479961,1.665251073
494.3073612,4.906666108,1.667289841
493.2871021,4.909852255,1.669328239
492.2671546,4.913038402,1.671365687
491.2471899,4.916224549,1.673402391
490.2269611,4.919410695,1.675437911
489.206853,4.922596842,1.677473267
488.1867082,4.925782989,1.679507776
487.166569,4.928969136,1.681541551
486.1464167,4.932155283,1.683574359
485.126268,4.935341429,1.685606602
484.1060486,4.938527576,1.687638109
483.085721,4.941713723,1.689668936
482.0654749,4.94489987,1.691698801
481.0451815,4.948086017,1.693728141
480.0247916,4.951272164,1.695756218
479.00453,4.95445831,1.697784182
477.9841541,4.957644457,1.699811132
476.9637408,4.960830604,1.701837258
475.9431599,4.964016751,1.703862339
474.9227099,4.967202898,1.705886817
473.9021028,4.970389045,1.707910904
472.8815527,4.973575191,1.709933942
471.8608872,4.976761338,1.711955932
470.8402525,4.979947485,1.713977372
469.8193566,4.983133632,1.71599841
468.7987802,4.986319779,1.718018323
467.7779287,4.989505925,1.720037364
466.7571841,4.992692072,1.722056026
465.7363184,4.995878219,1.724073527
464.7153818,4.999064366,1.726090275
463.6943802,5.002250513,1.728106461
462.6732799,5.00543666,1.730121422
461.652183,5.008622806,1.732136378
460.6310123,5.011808953,1.734149642
459.6098174,5.0149951,1.736162901
458.5886051,5.018181247,1.738174626
457.5674364,5.021367394,1.740186043
456.5460241,5.024553541,1.742196403
455.5245705,5.027739687,1.744206073
454.503063,5.030925834,1.746214806
453.4816342,5.034111981,1.748222973
452.4600021,5.037298128,1.750230848
451.4383033,5.040484275,1.752236681
450.4164926,5.043670421,1.754242105
449.3948723,5.046856568,1.756247185
448.3728486,5.050042715,1.758251227
447.3512126,5.053228862,1.760254134
446.3291956,5.056415009,1.762256746
445.306937,5.059601156,1.764258501
444.284871,5.062787302,1.766259148
443.2626395,5.065973449,1.768258942
442.2405272,5.069159596,1.770258463
441.218276,5.072345743,1.7722568
440.1957357,5.07553189,1.774254333
439.1734071,5.078718037,1.776250949
438.1508489,5.081904183,1.778246444
437.1281035,5.08509033,1.780241591
436.1054924,5.088276477,1.782235608
435.0826923,5.091462624,1.784229099
434.0598944,5.094648771,1.786222074
433.0369535,5.097834917,1.788213221
432.0139619,5.101021064,1.790204058
430.9907951,5.104207211,1.792194506
429.9675445,5.107393358,1.79418341
428.9444098,5.110579505,1.796171966
427.9210178,5.113765652,1.798158965
426.8978315,5.116951798,1.800146247
425.8742369,5.120137945,1.802131898
424.8504683,5.123324092,1.804117097
423.8269028,5.126510239,1.806101204
422.8031167,5.129696386,1.808083743
421.7793135,5.132882533,1.810066512
420.7553206,5.136068679,1.812047961
419.7313052,5.139254826,1.814028527
418.7071564,5.142440973,1.816008644
417.6828607,5.14562712,1.817987971
416.6586418,5.148813267,1.819965773
415.6341938,5.151999413,1.821943156
414.6099675,5.15518556,1.823919819
413.5852788,5.158371707,1.825895384
412.5605968,5.161557854,1.82786992
411.5357654,5.164744001,1.829843842
410.5108771,5.167930148,1.8318169
409.4858753,5.171116294,1.833788711
408.4608854,5.174302441,1.835760346
407.4358002,5.177488588,1.837730691
406.4104503,5.180674735,1.839700339
405.3851334,5.183860882,1.841668736
404.359752,5.187047029,1.843636662
403.3341371,5.190233175,1.845603328
402.3084643,5.193419322,1.847569708
401.2826592,5.196605469,1.849534593
400.2566702,5.199791616,1.851499094
399.2309463,5.202977763,1.853462208
398.2048491,5.206163909,1.85542492
397.1786882,5.209350056,1.857386832
396.1523768,5.212536203,1.859347218
395.1259897,5.21572235,1.861307059
394.0995203,5.218908497,1.863266129
393.072834,5.222094644,1.865224328
392.0462102,5.22528079,1.867181456
391.0193592,5.228466937,1.86913773
389.9925806,5.231653084,1.871093237
388.9654553,5.234839231,1.873048329
387.9383284,5.238025378,1.875001517
386.9111931,5.241211525,1.876954367
385.8838427,5.244397671,1.878906326
384.8562984,5.247583818,1.880857108
383.8287147,5.250769965,1.882807159
382.8010094,5.253956112,1.884756368
381.7732907,5.257142259,1.886704739
380.7452577,5.260328405,1.888652053
379.7173322,5.263514552,1.890598762
378.6891748,5.266700699,1.892543857
377.6608829,5.269886846,1.894489152
376.6325701,5.273072993,1.896432422
375.6040732,5.27625914,1.898375725
374.5755703,5.279445286,1.90031754
373.5469788,5.282631433,1.90225855
372.5181233,5.28581758,1.90419869
371.4891509,5.289003727,1.906138009
370.4602361,5.292189874,1.908076257
369.430928,5.295376021,1.910013649
368.4018635,5.298562167,1.911949949
367.3722688,5.301748314,1.913885631
366.3427347,5.304934461,1.915820435
365.3133022,5.308120608,1.917754499
364.2835211,5.311306755,1.919687056
363.253586,5.314492901,1.921619021
362.2237216,5.317679048,1.923549755
361.1936916,5.320865195,1.925479998
360.1632637,5.324051342,1.927409351
359.1330003,5.327237489,1.929337214
358.1024366,5.330423636,1.93126472
357.0719526,5.333609782,1.933191109
356.0412706,5.336795929,1.935116577
355.0104422,5.339982076,1.937041088
353.9795077,5.343168223,1.938964613
352.9486794,5.34635437,1.940887482
351.9173083,5.349540517,1.942808958
350.8861757,5.352726663,1.944730002
349.8546541,5.35591281,1.946649944
348.8232708,5.359098957,1.948568834
347.7916129,5.362285104,1.950486501
346.7598272,5.365471251,1.952403651
345.727964,5.368657397,1.954319447
344.6958648,5.371843544,1.956234899
343.6638636,5.375029691,1.958149321
342.6317534,5.378215838,1.960062415
341.5993775,5.381401985,1.961974947
340.5668413,5.384588132,1.96388664
339.5342858,5.387774278,1.965797241
338.5015859,5.390960425,1.967706534
337.4688088,5.394146572,1.969615208
336.4358669,5.397332719,1.971522825
335.4026856,5.400518866,1.973429398
334.3694581,5.403705013,1.975335216
333.3362025,5.406891159,1.97724047
332.3028889,5.410077306,1.979143687
331.2692588,5.413263453,1.981046757
330.2356983,5.4164496,1.982949108
329.2017974,5.419635747,1.98484993
328.1679188,5.422821893,1.986750044
327.1339393,5.42600804,1.98864962
326.0999422,5.429194187,1.990547077
325.0657741,5.432380334,1.992444647
324.0314311,5.435566481,1.994340583
322.99693,5.438752628,1.996236134
321.9621506,5.441938774,1.998130856
320.927539,5.445124921,2.000024424
319.8927127,5.448311068,2.001916346
318.8575882,5.451497215,2.003807841
317.8226452,5.454683362,2.005697943
316.7874425,5.457869509,2.007588017
315.75243,5.461055655,2.009476538
314.7168631,5.464241802,2.011364022
313.6814626,5.467427949,2.013250766
312.6456717,5.470614096,2.015136628
311.6100037,5.473800243,2.017020906
310.5742343,5.476986389,2.018905265
309.5380907,5.480172536,2.020787536
308.5021257,5.483358683,2.022669678
307.4660729,5.48654483,2.024550482
306.4296976,5.489730977,2.02643027
305.3932653,5.492917124,2.028309149
304.356672,5.49610327,2.030187073
303.3201875,5.499289417,2.03206418
302.2834151,5.502475564,2.033940304
301.2465008,5.505661711,2.035815479
300.2097056,5.508847858,2.037689386
299.1725267,5.512034005,2.039562396
298.1351897,5.515220151,2.041434448
297.0979929,5.518406298,2.043305666
296.0606348,5.521592445,2.045175916
295.02324,5.524778592,2.047044968
293.9856103,5.527964739,2.048913191
292.9480274,5.531150885,2.050780259
291.9101174,5.534337032,2.052646415
290.8722436,5.537523179,2.054511692
289.83413,5.540709326,2.056375878
288.7961776,5.543895473,2.058239196
287.7580177,5.54708162,2.060101874
286.7195052,5.550267766,2.061963305
285.6812404,5.553453913,2.063823132
284.6428781,5.55664006,2.065682734
283.6041533,5.559826207,2.067540896
282.5657114,5.563012354,2.069398144
281.526808,5.566198501,2.071254322
280.4877398,5.569384647,2.073110108
279.449019,5.572570794,2.074964648
278.4099332,5.575756941,2.076818191
277.3707328,5.578943088,2.078670338
276.3314034,5.582129235,2.080521883
275.2920115,5.585315381,2.082372412
274.2526642,5.588501528,2.084221681
273.2131867,5.591687675,2.08606999
272.1734893,5.594873822,2.087917513
271.1337693,5.598059969,2.089763891
270.0939641,5.601246116,2.09160943
269.0540131,5.604432262,2.09345422
268.0141503,5.607618409,2.095297357
266.9740982,5.610804556,2.097139963
265.9340514,5.613990703,2.098981892
264.8937467,5.61717685,2.100821907
263.8534728,5.620362996,2.102661425
262.8131264,5.623549143,2.104500364
261.7726573,5.62673529,2.10633754
260.7323367,5.629921437,2.10817393
259.6914099,5.633107584,2.110009382
258.6508132,5.636293731,2.111844305
257.610051,5.639479877,2.113677667
256.5694957,5.642666024,2.115510182
255.5284725,5.645852171,2.117341913
254.4876194,5.649038318,2.119172009
253.4463334,5.652224465,2.121001384
252.4054252,5.655410612,2.122829871
251.3643692,5.658596758,2.124657764
250.3230232,5.661782905,2.126484003
249.2817537,5.664969052,2.128309707
248.2405349,5.668155199,2.130133973
247.1990009,5.671341346,2.131957732
246.1573889,5.674527492,2.13377999
245.1159464,5.677713639,2.135601372
244.0743385,5.680899786,2.1374217
243.0326167,5.684085933,2.139241224
241.9911257,5.68727208,2.141059633
240.9492827,5.690458227,2.142876953
239.9073503,5.693644373,2.144693253
238.8655952,5.69683052,2.146508551
237.8237565,5.700016667,2.148323101
236.7818346,5.703202814,2.150136292
235.7397083,5.706388961,2.151948457
234.6976115,5.709575108,2.153759855
233.6555195,5.712761254,2.155570215
232.6134379,5.715947401,2.157379529
231.5714265,5.719133548,2.159187749
230.5289691,5.722319695,2.160995321
229.4866447,5.725505842,2.162801358
228.4444159,5.728691988,2.164606403
227.4021166,5.731878135,2.166410621
226.3597507,5.735064282,2.168213947
225.3173404,5.738250429,2.17001593
224.27492,5.741436576,2.171817174
223.2323048,5.744622723,2.173617131
222.1900585,5.747808869,2.175416466
221.1472911,5.750995016,2.177214553
220.1047976,5.754181163,2.179011646
219.0621814,5.75736731,2.180807711
218.0197154,5.760553457,2.182602996
216.977238,5.763739604,2.184396717
215.9346724,5.76692575,2.18618939
214.8918994,5.770111897,2.187981813
213.8493295,5.773298044,2.189772193
212.8067464,5.776484191,2.191562578
211.7639086,5.779670338,2.193351426
210.7214049,5.782856484,2.195139318
209.6787359,5.786042631,2.196925993
208.6359022,5.789228778,2.198711808
207.5931387,5.792414925,2.200496637
206.5507186,5.795601072,2.202280162
205.5078756,5.798787219,2.204063457
204.4651014,5.801973365,2.205844808
203.4223822,5.805159512,2.20762579
202.3798947,5.808345659,2.209405037
201.3370801,5.811531806,2.211183811
200.2944898,5.814717953,2.212961529
199.2520091,5.8179041,2.21473792
198.2093212,5.821090246,2.216513432
197.1666245,5.824276393,2.218287914
196.124233,5.82746254,2.220061395
195.0816014,5.830648687,2.221834096
194.0389718,5.833834834,2.223605266
192.9966415,5.83702098,2.225375323
191.9541026,5.840207127,2.22714477
190.9116436,5.843393274,2.228913421
189.8690981,5.846579421,2.230680463
188.8268051,5.849765568,2.232446776
187.7845614,5.852951715,2.234212391
186.7421076,5.856137861,2.235976474
185.699751,5.859324008,2.237739672
184.6575586,5.862510155,2.239501609
183.6153123,5.865696302,2.24126262
182.573093,5.868882449,2.243022264
181.5309473,5.872068596,2.244781809
180.4889195,5.875254742,2.246539789
179.4470266,5.878440889,2.248296655
178.4049789,5.881627036,2.250052494
177.3631939,5.884813183,2.251807532
176.3216203,5.88799933,2.253561574
175.2797012,5.891185476,2.255313934
174.2379845,5.894371623,2.257065406
173.1963309,5.89755777,2.258816795
172.154694,5.900743917,2.260566428
171.1131639,5.903930064,2.262314506
170.0716987,5.907116211,2.264062776
169.0303482,5.910302357,2.265809115
167.9891579,5.913488504,2.267554358
166.9478333,5.916674651,2.269299134
165.906907,5.919860798,2.271042329
164.8657553,5.923046945,2.272784616
163.8250139,5.926233092,2.274526465
162.7840329,5.929419238,2.276266885
161.7432691,5.932605385,2.278005985
160.7025731,5.935791532,2.27974437
159.6618689,5.938977679,2.281481364
158.6218191,5.942163826,2.283217897
157.5813003,5.945349972,2.28495309
156.5409155,5.948536119,2.286686767
155.5008562,5.951722266,2.288420064
154.4607189,5.954908413,2.290151674
153.4208628,5.95809456,2.291882994
152.381084,5.961280707,2.293612973
151.3414446,5.964466853,2.295341557
150.30188,5.967653,2.297069433
149.2623504,5.970839147,2.298796455
148.2231077,5.974025294,2.300522554
147.1839941,5.977211441,2.302246604
146.1448721,5.980397588,2.303970558
145.1059858,5.983583734,2.305693151
144.0672662,5.986769881,2.307414441
143.0284041,5.989956028,2.309134878
141.99012,5.993142175,2.310854779
140.9517382,5.996328322,2.312573135
139.9135189,5.999514468,2.314290492
138.8756008,6.002700615,2.316006896
137.8374294,6.005886762,2.317722286
136.7999295,6.009072909,2.319436443
135.762345,6.012259056,2.321149206
134.724661,6.015445203,2.322861571
133.6876598,6.018631349,2.324573081
132.6504628,6.021817496,2.32628306
131.6136241,6.025003643,2.327991944
130.5771016,6.02818979,2.329700021
129.5401257,6.031375937,2.331406779
128.5038784,6.034562084,2.333112945
127.4677608,6.03774823,2.334817446
126.4316755,6.040934377,2.336521138
125.3959322,6.044120524,2.338224315
124.360438,6.047306671,2.339925694
123.3247974,6.050492818,2.34162659
122.2895659,6.053678964,2.343326159
121.2546503,6.056865111,2.345024555
120.2197408,6.060051258,2.346722224
119.1850515,6.063237405,2.348418648
118.1505364,6.066423552,2.350114029
117.1165673,6.069609699,2.351808103
116.082436,6.072795845,2.35350177
115.0486024,6.075981992,2.355194058
114.0151202,6.079168139,2.356885268
112.9816824,6.082354286,2.358575428
111.9487551,6.085540433,2.360264103
110.9156902,6.08872658,2.361952262
109.8833071,6.091912726,2.363639486
108.8507737,6.095098873,2.365325618
107.8186118,6.09828502,2.367010241
106.7866272,6.101471167,2.3686943
105.7549511,6.104657314,2.370376916
104.7235949,6.10784346,2.372058884
103.6923933,6.111029607,2.373739687
102.6616252,6.114215754,2.375419348
101.6307918,6.117401901,2.377097867
100.6005412,6.120588048,2.378775492
99.57027413,6.123774195,2.380452069
98.54052394,6.126960341,2.38212755
97.51080087,6.130146488,2.383801501
96.48170839,6.133332635,2.38547547
95.4526049,6.136518782,2.387147404
94.42396655,6.139704929,2.388818702
93.39553138,6.142891076,2.390489068
92.36723405,6.146077222,2.392157818
91.33926813,6.149263369,2.393825942
90.31178062,6.152449516,2.395493083
89.28453358,6.155635663,2.397159355
88.25751436,6.15882181,2.398824254
87.23098328,6.162007956,2.400487709
86.2044561,6.165194103,2.402150956
85.1784086,6.16838025,2.403812645
84.1525359,6.171566397,2.405473734
83.12720589,6.174752544,2.407132873
82.10210157,6.177938691,2.408791812
81.07737277,6.181124837,2.410449296
80.05304522,6.184310984,2.412105641
79.02878658,6.187497131,2.413761592
78.00516181,6.190683278,2.41541568
76.98169116,6.193869425,2.417069146
75.95852997,6.197055572,2.418721826
74.93572791,6.200241718,2.420372769
73.91346849,6.203427865,2.422023341
72.89146149,6.206614012,2.423672155
71.86957727,6.209800159,2.425320108
70.84823783,6.212986306,2.426967203
69.82719084,6.216172452,2.428613589
68.80684547,6.219358599,2.430258226
67.78643151,6.222544746,2.431902662
66.76649949,6.225730893,2.433545181
65.74721108,6.22891704,2.435187058
64.72804141,6.232103187,2.436827806
63.70921463,6.235289333,2.438467459
62.69103476,6.23847548,2.440106025
61.67313101,6.241661627,2.441743627
60.6556629,6.244847774,2.443380099
59.63842548,6.248033921,2.445015771
58.62168493,6.251220068,2.446650255
57.60533573,6.254406214,2.44828365
56.58933772,6.257592361,2.449915926
55.57390203,6.260778508,2.451547281
54.55885998,6.263964655,2.453177533
53.54419151,6.267150802,2.454806445
52.52991164,6.270336948,2.456434794
51.51600011,6.273523095,2.458061658
50.50261814,6.276709242,2.459687992
49.48953629,6.279895389,2.461312702
48.47734146,6.283081536,2.46293663
47.46522216,6.286267683,2.464559638
46.4534691,6.289453829,2.466181217
45.44227223,6.292639976,2.467802033
44.4316848,6.295826123,2.469422298
43.42142477,6.29901227,2.471040825
42.41147159,6.302198417,2.472658388
41.40220034,6.305384564,2.474275037
40.39336755,6.30857071,2.475890211
39.38488048,6.311756857,2.477504852
38.37711174,6.314943004,2.479118284
37.36963072,6.318129151,2.480730964
36.36248798,6.321315298,2.482341909
35.35604951,6.324501444,2.48395206
34.3500791,6.327687591,2.485561403
33.3446743,6.330873738,2.487169489
32.33951633,6.334059885,2.488776371
31.33505049,6.337246032,2.490382648
30.33103223,6.340432179,2.491987193
29.32749431,6.343618325,2.493591613
28.32447345,6.346804472,2.495194513
27.32194907,6.349990619,2.496796002
26.32016267,6.353176766,2.498396983
25.31863038,6.356362913,2.499997185
24.3177754,6.35954906,2.501595575
23.31747992,6.362735206,2.503193319
22.31768784,6.365921353,2.504789681
21.31818006,6.3691075,2.506385293
